<menu name="CharGenMenu">
	<class>&CharGenMenu;</class>
	<stackingtype>&no_click_past;</stackingtype>
	<_CurrPoints></_CurrPoints>
	<_MaxPoints></_MaxPoints>
	<_OnlyAdd>&false;</_OnlyAdd>
	<xbuttony><ref src="CGM_ResetButton" trait="clicked"/></xbuttony>
	<_PCButton_R>CGM_ResetButton</_PCButton_R>
	<_PCButton_A>CGM_DoneButton</_PCButton_A>
	<rect name="NOGLOW_BRANCH">
		<id>&noglow_branch;</id>
		<systemcolor>&hudmain;</systemcolor>
		<image name="CGM_Background">
			<filename>Interface\Shared\Background\solid_black.dds</filename>
			<zoom>&scale;</zoom>
			<brightness>128</brightness>
			<alpha><copy src="globals()" trait="_background_fill_alpha"/></alpha>
			<depth>1</depth>
			<width>994</width>
			<height>780</height>
			<x>
				<copy src="sibling(CGM_MainRect)" trait="x"/>
				<sub>50</sub>
			</x>
			<y>
				<copy src="sibling(CGM_MainRect)" trait="y"/>
				<sub>125</sub>
			</y>
		</image>
		<rect name="CGM_MainRect">
			<width>874</width>
			<height>510</height>
			<x>
				<copy src="screen()" trait="width"/>
				<sub src="me()" trait="width"/>
				<div>2</div>
			</x>
			<y>
				<copy src="screen()" trait="height"/>
				<sub src="me()" trait="height"/>
				<div>2</div>
			</y>
			<locus>&true;</locus>
			<depth>2</depth>
			<rect name="CGM_HeadlineRect">
				<width><copy src="parent()" trait="width" /></width>
				<locus>&true;</locus>
				<image name="CGM_Headline_h1">
					<include src="line.xml"/>
					<_length>50</_length>
				</image>
				<image name="CGM_Headline_v1">
					<include src="vertical_fade_line.xml"/>
					<height>40</height>
				</image>
				<text name="CGM_Headline_Title">
					<id>0</id>
					<x>70</x>
					<y>-14</y>
					<font><copy src="globals()" trait="_gl_HeaderFont" /></font>
				</text>
				<image name="CGM_Headline_h2">
					<include src="line.xml"/>
					<_length>
						<copy src="parent()" trait="width" />
						<sub src="me()" trait="x"/>
					</_length>
					<x>
						<copy>90</copy>
						<add src="sibling(CGM_Headline_Title)" trait="width"/>
					</x>
				</image>
				<image name="CGM_Headline_v2">
					<include src="vertical_fade_line.xml"/>
					<height>40</height>
					<_x>
						<copy src="sibling(CGM_Headline_h2)" trait="x"/>
						<add src="sibling(CGM_Headline_h2)" trait="width"/>
					</_x>
				</image>
			</rect>
			<hotrect name="CGM_ItemList">
				<include src="list_box.xml"/>
				<id>1</id>
				<x>-15</x>
				<y>0</y>
				<width>400</width>
				<_number_of_visible_items>14</_number_of_visible_items>
			</hotrect>
			<image name="CGM_SelectionIcon">
				<id>2</id>
				<x>
					<copy src="parent()" trait="width" />
					<sub>
						<copy src="sibling(CGM_SelectionInfoRect)" trait="width" />
						<add src="me()" trait="width" />
						<div>2</div>
					</sub>
					<sub>40</sub>
				</x>
				<y>-10</y>
				<width>320</width>
				<height>320</height>
				<zoom>&scale;</zoom>
				<visible>&false;</visible>
			</image>
			<rect name="CGM_SelectionInfoRect">
				<x>
					<copy src="sibling(CGM_ItemList)" trait="x" />
					<add src="sibling(CGM_ItemList)" trait="width" />
					<add>10</add>
				</x>
				<y>320</y>
				<width>
					<copy src="parent()" trait="width" />
					<sub src="me()" trait="x" />
				</width>
				<height>160</height>
				<locus>&true;</locus>
				<image name="CGM_DividerA">
					<include src="line.xml"/>
					<_length>
						<copy src="parent()" trait="width" />
						<sub>1</sub>
					</_length>
				</image>
				<image name="CGM_DividerA_v1">
					<include src="vertical_fade_line.xml" />
					<x>
						<copy src="parent()" trait="width" />
						<sub src="me()" trait="width" />
					</x>
				</image>
				<image name="CGM_DividerB">
					<include src="line.xml"/>
					<y>
						<copy src="parent()" trait="height" />
						<sub src="me()" trait="height" />
						<sub>20</sub>
					</y>
					<_length>
						<copy src="parent()" trait="width" />
					</_length>
				</image>
				<image name="CGM_DividerB_v1">
					<include src="vertical_fade_line.xml" />
					<x>
						<copy src="parent()" trait="width" />
						<sub src="me()" trait="width" />
					</x>
					<y><copy src="sibling(CGM_DividerB)" trait="y" /></y>
					<height>40</height>
				</image>
				<text name="CGM_SelectionText">
					<id>3</id>
					<x>20</x>
					<y>20</y>
					<font>1</font>
					<wrapwidth>
						<copy src="parent()" trait="width" />
						<sub>40</sub>
					</wrapwidth>
				</text>
				<text name="CGM_PointCounter">
					<id>4</id>
					<x>20</x>
					<y>
						<copy src="sibling(CGM_DividerB)" trait="y"/>
						<add>10</add>
					</y>
					<font>6</font>
				</text>
			</rect>
			<rect name="CGM_ButtonRect">
				<x>
					<copy src="parent()" trait="width" />
					<sub>40</sub>
					<sub>
						<copy>30</copy>
						<onlyif>&xbox;</onlyif>
					</sub>
				</x>
				<y>60</y>
				<locus>&true;</locus>
				<hotrect name="CGM_ResetButton">
					<include src="darn\text_box.xml"/>
					<id>5</id>
					<justify>&right;</justify>
					<_xbox_button>&xbuttony;</_xbox_button>
					<_PCButtonText>&-sPCMenuHintR;</_PCButtonText>
					<string>&-sReset;</string>
				</hotrect>
				<hotrect name="CGM_DoneButton">
					<include src="darn\text_box.xml"/>
					<id>6</id>
					<justify>&right;</justify>
					<target>
						<copy src="io()" trait="_CurrPoints"/>
						<eq src="io()" trait="_MaxPoints"/>
					</target>
					<_line_alpha>
						<copy>127</copy>
						<add>
							<copy>128</copy>
							<onlyif src="me()" trait="target"/>
						</add>
					</_line_alpha>
					<_y>40</_y>
					<_xbox_button>&xbuttonx;</_xbox_button>
					<_PCButtonText>&-sPCMenuHintA;</_PCButtonText>
					<string>&-sDone;</string>
					<clicksound>UIMenuOK</clicksound>
				</hotrect>
			</rect>
			<rect name="CGM_BottomBracket">
				<include src="bottom_bracket.xml"/>
				<y><copy src="parent()" trait="height" /></y>
				<width><copy src="parent()" trait="width" /></width>
				<height>40</height>
			</rect>
		</rect>
	</rect>
	<rect name="GLOW_BRANCH">
		<id>&glow_branch;</id>
	</rect>
	<template name="CGM_AttributeTemplate">
		<hotrect name="CGM_Attribute">
			<include src="list_box_template.xml"/>
			<_MinValue>1</_MinValue>
			<_MaxValue>10</_MaxValue>
			<_BaseValue></_BaseValue>
			<_ExtraValue></_ExtraValue>
			<_AddedValue></_AddedValue>
			<_ValueString></_ValueString>
			<repeathorizontal>&true;</repeathorizontal>
			<clicksound>&nosound;</clicksound>
			<mouseoversound>&nosound;</mouseoversound>
			<height>30</height>
			<text name="ListItemText">
				<font>1</font>
				<string><copy src="parent()" trait="string"/></string>
				<x>15</x>
				<y>
					<copy src="parent()" trait="height" />
					<sub src="me()" trait="height" />
					<div>2</div>
				</y>
			</text>
			<text name="CGM_Template_ItemValue">
				<font>1</font>
				<justify>&center;</justify>
				<x>
					<copy src="parent()" trait="width" />
					<sub>80</sub>
				</x>
				<y>
					<copy src="parent()" trait="height" />
					<sub src="me()" trait="height" />
					<div>2</div>
				</y>
				<string><copy src="parent()" trait="_ValueString"/></string>
			</text>
			<image name="CGM_Template_LeftArrow">
				<id>10</id>
				<filename>
					<copy src="me()" trait="mouseover"/>
					<add>1</add>
					<copy src="me()" trait="_Filename_"/>
				</filename>
				<x>
					<copy src="sibling(CGM_Template_RightArrow)" trait="x" />
					<sub>80</sub>
				</x>
				<y>
					<copy src="parent()" trait="height" />
					<sub src="me()" trait="height" />
					<div>2</div>
				</y>
				<width>48</width>
				<height>48</height>
				<zoom>75</zoom>
				<depth>2</depth>
				<target>&true;</target>
				<clicksound>UIMenuPrevNext</clicksound>
				<visible>
					<copy src="parent()" trait="_BaseValue"/>
					<add src="parent()" trait="_ExtraValue"/>
					<add src="parent()" trait="_AddedValue"/>
					<gt src="parent()" trait="_MinValue"/>
					<and>
						<copy src="parent()" trait="_AddedValue"/>
						<gt>0</gt>
						<or><not src="io()" trait="_OnlyAdd"/></or>
					</and>
				</visible>
				<_Filename_1>Interface\Shared\Arrow\adjust_decrease.dds</_Filename_1>
				<_Filename_2>Interface\Shared\Arrow\adjust_decrease_over.dds</_Filename_2>
			</image>
			<image name="CGM_Template_RightArrow">
				<id>11</id>
				<filename>
					<copy src="me()" trait="mouseover"/>
					<add>1</add>
					<copy src="me()" trait="_Filename_"/>
				</filename>
				<x>
					<copy src="sibling(CGM_Template_ItemValue)" trait="x" />
					<add>15</add>
				</x>
				<y>
					<copy src="parent()" trait="height" />
					<sub src="me()" trait="height" />
					<div>2</div>
				</y>
				<width>48</width>
				<height>48</height>
				<zoom>75</zoom>
				<depth>2</depth>
				<target>&true;</target>
				<clicksound>UIMenuPrevNext</clicksound>
				<visible>
					<copy src="parent()" trait="_BaseValue"/>
					<add src="parent()" trait="_ExtraValue"/>
					<add src="parent()" trait="_AddedValue"/>
					<lt src="parent()" trait="_MaxValue"/>
					<and>
						<copy src="io()" trait="_CurrPoints"/>
						<lt src="io()" trait="_MaxPoints"/>
					</and>
				</visible>
				<_Filename_1>Interface\Shared\Arrow\adjust_increase.dds</_Filename_1>
				<_Filename_2>Interface\Shared\Arrow\adjust_increase_over.dds</_Filename_2>
			</image>
		</hotrect>
	</template>
	<template name="CGM_SelectItemTemplate">
		<hotrect name="CGM_SelectItem">
			<include src="list_box_template.xml"/>
			<_MinValue>0</_MinValue>
			<_MaxValue>100</_MaxValue>
			<_BaseValue></_BaseValue>
			<_ExtraValue></_ExtraValue>
			<_AddedValue></_AddedValue>
			<_ValueString></_ValueString>
			<_selected>&false;</_selected>
			<clicksound>&nosound;</clicksound>
			<mouseoversound>&nosound;</mouseoversound>
			<height>30</height>
			<text name="ListItemText">
				<font>1</font>
				<string><copy src="parent()" trait="string"/></string>
				<wrapwidth>390</wrapwidth>
				<x>40</x>
				<y>
					<copy src="parent()" trait="height" />
					<sub src="me()" trait="height" />
					<div>2</div>
				</y>
			</text>
			<text name="CGM_Template_ItemValue">
				<font>1</font>
				<justify>&center;</justify>
				<x>300</x>
				<y>
					<copy src="parent()" trait="height" />
					<sub src="me()" trait="height" />
					<div>2</div>
				</y>
				<string><copy src="parent()" trait="_ValueString"/></string>
			</text>
			<image name="CGM_Template_ItemMarker">
				<filename>Interface\Shared\Marker\square_filled.dds</filename>
				<width>14</width>
				<height>14</height>
				<zoom>67</zoom>
				<x>12</x>
				<y>
					<copy src="parent()" trait="height" />
					<sub src="me()" trait="height" />
					<div>2</div>
				</y>
				<visible><copy src="parent()" trait="_selected"/></visible>
			</image>
		</hotrect>
	</template>
</menu>
