<menu name="BarterMenu">
	<_DUIF3> 1 </_DUIF3>
	<class>&BarterMenu;</class>
	<stackingtype>&no_click_past;</stackingtype>
	<_IsContainerListSelected>-1</_IsContainerListSelected>
	<_ArrowDirection></_ArrowDirection>
	<xbuttonx><ref src="BM_ButtonX" trait="clicked"/></xbuttonx>
	<xbuttonb><ref src="BM_ButtonB" trait="clicked"/></xbuttonb>
	<_PCButton_A>BM_ButtonX</_PCButton_A>
	<_PCButton_X>BM_ButtonB</_PCButton_X>
	<user0>0</user0>
	<_itemHeight>
		<copy src="child(sizer)" trait="height" />
		<add>7</add>
	</_itemHeight>
	<_itemCount>
		<copy>570</copy>
		<div src="me()" trait="_itemHeight" />
		<floor>0</floor>
	</_itemCount>
	<_listHeight>
		<copy src="me()" trait="_itemCount" />
		<mul src="me()" trait="_itemHeight" />
	</_listHeight>
	<text name="sizer">
		<font><copy src="globals()" trait="_gl_listFont" /></font>
		<string>ABCDEFGHIJKLMNOPQRSTUVWXYZ1234567890</string>
		<visible>&false;</visible>
	</text>
	<rect name="NOGLOW_BRANCH">
		<id>&noglow_branch;</id>
		<systemcolor>&hudmain;</systemcolor>
		<rect name="BM_MainRect">
			<width>1024</width>
			<height>960</height>
			<x>
				<copy src="screen()" trait="width" />
				<sub src="me()" trait="width" />
				<div>2</div>
			</x>
			<y>10</y>
		</rect>
		<image name="BM_Background">
			<width>1144</width>
			<height>1110</height>
			<x>
				<copy src="sibling(BM_MainRect)" trait="x" />
				<sub>40</sub>
			</x>
			<y>
				<copy src="sibling(BM_MainRect)" trait="y" />
				<sub>105</sub>
			</y>
			<depth>1</depth>
			<filename>Interface\Shared\Background\solid_black.dds</filename>
			<zoom>&scale;</zoom>
			<systemcolor>&nosystemcolor;</systemcolor>
			<brightness>128</brightness>
			<alpha><copy src="globals()" trait="_background_fill_alpha" /></alpha>
		</image>
		<hotrect name="BM_Items_FocusRect">
			<id>0</id>
			<target><copy src="io()" trait="_IsContainerListSelected" /></target>
			<depth>5</depth>
			<alpha>0</alpha>
			<width>464</width>
			<height>630</height>
			<x><copy src="BM_ItemsRect" trait="x" /></x>
			<y><copy src="BM_ItemsRect" trait="y" /></y>
		</hotrect>
		<hotrect name="BM_Container_FocusRect">
			<id>1</id>
			<target><not src="io()" trait="_IsContainerListSelected" /></target>
			<depth>5</depth>
			<alpha>0</alpha>
			<width>464</width>
			<height>630</height>
			<x><copy src="sibling(BM_ContainerRect)" trait="x" /></x>
			<y><copy src="sibling(BM_ContainerRect)" trait="y" /></y>
		</hotrect>
		<rect name="BM_ItemsRect">
			<depth>2</depth>
			<locus>&true;</locus>
			<width>464</width>
			<height>630</height>
			<x>
				<copy src="BM_MainRect" trait="x" />
				<add>20</add>
			</x>
			<y>
				<copy src="BM_MainRect" trait="y" />
				<add>20</add>
			</y>
			<image name="BM_Items_headline_v1">
				<include src="vertical_fade_line.xml" />
				<height>40</height>
			</image>
			<image name="BM_Items_headline_h1">
				<include src="line.xml" />
				<_length>25</_length>
			</image>
			<image name="BM_Items_LeftFilterArrow">
				<id>2</id>
				<filename>Interface\Main\main_arrow_left.dds</filename>
				<x>30</x>
				<y>-10</y>
				<width>17.5</width>
				<height>35</height>
				<zoom>&scale;</zoom>
				<target>&true;</target>
			</image>
			<text name="BM_ItemsTitle">
				<id>3</id>
				<font>3</font>
				<string>&-sInventoryItems;</string>
				<x>50</x>
				<y>-5</y>
				<target>&true;</target>
				<wheelable>&true;</wheelable>
			</text>
			<image name="BM_Items_RightFilterArrow">
				<id>4</id>
				<filename>Interface\Main\main_arrow_right.dds</filename>
				<x>
					<copy>60</copy>
					<add src="sibling(BM_ItemsTitle)" trait="width" />
				</x>
				<y>-10</y>
				<width>17.5</width>
				<height>35</height>
				<zoom>&scale;</zoom>
				<target>&true;</target>
			</image>
			<image name="BM_Items_headline_h2">
				<include src="line.xml" />
				<_length>
					<copy>464</copy>
					<sub src="me()" trait="x" />
					<max>0</max>
				</_length>
				<x>
					<copy src="sibling(BM_Items_RightFilterArrow)" trait="x" />
					<add>20</add>
				</x>
			</image>
			<text name="BM_Items_CapsLabel">
				<id>5</id>
				<string></string>
				<font><copy src="globals()" trait="_gl_listFont" /></font>
				<justify>&right;</justify>
				<red>200</red>
				<green>210</green>
				<blue>0</blue>
				<x>449</x>
				<y>16</y>
			</text>
			<image name="BM_Items_headline_v2">
				<include src="vertical_fade_line.xml" />
				<height>40</height>
				<x>461</x>
			</image>
			<hotrect name="BM_Items_InventoryList">
				<include src="list_box.xml" />
				<id>6</id>
				<x>-15</x>
				<y>46</y>
				<width>462</width>
				<height><copy src="io()" trait="_listHeight" /></height>
				<_enabled><not src="io()" trait="_IsContainerListSelected" /></_enabled>
			</hotrect>
			<image name="BM_Items_footer_v1">
				<include src="vertical_fade_line.xml" />
				<_bottom_to_top>&true;</_bottom_to_top>
				<height>30</height>
				<y>640</y>
			</image>
			<image name="BM_Items_footer_h1">
				<include src="line.xml" />
				<_length>25</_length>
				<y>670</y>
			</image>
			<image name="BM_Items_TitleButton">
				<filename>
					<copy src="io()" trait="user0"/>
					<add>1</add>
					<copy src="me()" trait="_filename_"/>
				</filename>
				<texatlas>Interface\InterfaceShared.tai</texatlas>
				<visible>&xbox;</visible>
				<width>65</width>
				<height>65</height>
				<x>15</x>
				<y>640</y>
				<_filename_1>general_button_lt.dds</_filename_1>
				<_filename_2>general_button_lb.dds</_filename_2>
			</image>
			<image name="BM_Items_footer_h2">
				<include src="line.xml" />
				<_length>
					<copy src="parent()" trait="width" />
					<add src="BM_Items_footer_v2" trait="width" />
					<sub src="me()" trait="x" />
				</_length>
				<x>
					<copy>25</copy>
					<add>
						<copy>50</copy>
						<onlyif>&xbox;</onlyif>
					</add>
				</x>
				<y>670</y>
			</image>
			<image name="BM_Items_footer_v2">
				<include src="vertical_fade_line.xml" />
				<_bottom_to_top>&true;</_bottom_to_top>
				<height>30</height>
				<x><copy src="parent()" trait="width" /></x>
				<y>640</y>
			</image>
		</rect>
		<rect name="BM_ContainerRect">
			<depth>2</depth>
			<locus>&true;</locus>
			<width>464</width>
			<height>630</height>
			<x>
				<copy src="BM_BottomBracket" trait="x" />
				<add>560</add>
			</x>
			<y><copy src="sibling(BM_ItemsRect)" trait="y" /></y>
			<image name="BM_Container_headline_v1">
				<include src="vertical_fade_line.xml" />
				<height>40</height>
			</image>
			<image name="BM_Container_headline_h1">
				<include src="line.xml" />
				<_length>25</_length>
			</image>
			<image name="BM_Container_LeftFilterArrow">
				<id>7</id>
				<filename>Interface\Main\main_arrow_left.dds</filename>
				<x>30</x>
				<y>-10</y>
				<width>17.5</width>
				<height>35</height>
				<zoom>&scale;</zoom>
				<target>&true;</target>
			</image>
			<text name="BM_ContainerTitle">
				<id>8</id>
				<font>3</font>
				<string></string>
				<x>50</x>
				<y>-5</y>
				<target>&true;</target>
				<wheelable>&true;</wheelable>
			</text>
			<image name="BM_Container_RightFilterArrow">
				<id>9</id>
				<filename>Interface\Main\main_arrow_right.dds</filename>
				<x>
					<copy>60</copy>
					<add src="sibling(BM_ContainerTitle)" trait="width" />
				</x>
				<y>-10</y>
				<width>17.5</width>
				<height>35</height>
				<zoom>&scale;</zoom>
				<target>&true;</target>
			</image>
			<image name="BM_Container_headline_h2">
				<include src="line.xml" />
				<x>
					<copy src="sibling(BM_Container_RightFilterArrow)" trait="x" />
					<add>20</add>
				</x>
				<_length>
					<copy src="parent()" trait="width" />
					<sub src="me()" trait="x" />
				</_length>
			</image>
			<text name="BM_Container_CapsLabel">
				<id>10</id>
				<string></string>
				<font><copy src="globals()" trait="_gl_listFont" /></font>
				<justify>&right;</justify>
				<x>449</x>
				<y>16</y>
			</text>
			<image name="BM_Container_headline_v2">
				<include src="vertical_fade_line.xml" />
				<height>40</height>
				<x>461</x>
			</image>
			<hotrect name="BM_Container_InventoryList">
				<include src="list_box.xml" />
				<id>11</id>
				<x>-15</x>
				<y>46</y>
				<width>464</width>
				<height><copy src="io()" trait="_listHeight" /></height>
				<_enabled><copy src="io()" trait="_IsContainerListSelected" /></_enabled>
			</hotrect>
			<image name="BM_Container_footer_v1">
				<include src="vertical_fade_line.xml" />
				<_bottom_to_top>&true;</_bottom_to_top>
				<height>30</height>
				<y>640</y>
			</image>
			<image name="BM_Container_footer_h1">
				<include src="line.xml" />
				<_length>
					<copy src="parent()" trait="width"/>
					<sub>25</sub>
					<sub>
						<copy>50</copy>
						<onlyif>&xbox;</onlyif>
					</sub>
				</_length>
				<y>670</y>
			</image>
			<image name="BM_Container_TitleButton">
				<filename>
					<copy src="io()" trait="user0"/>
					<add>1</add>
					<copy src="me()" trait="_filename_"/>
				</filename>
				<texatlas>Interface\InterfaceShared.tai</texatlas>
				<visible>&xbox;</visible>
				<width>65</width>
				<height>65</height>
				<x>
					<copy src="parent()" trait="width"/>
					<sub>80</sub>
				</x>
				<y>640</y>
				<_filename_1>general_button_rt.dds</_filename_1>
				<_filename_2>general_button_rb.dds</_filename_2>
			</image>
			<image name="BM_Container_footer_h2">
				<include src="line.xml" />
				<_length>
					<copy>25</copy>
					<add src="BM_Container_footer_v2" trait="width" />
				</_length>
				<x>
					<copy src="parent()" trait="width" />
					<sub>25</sub>
				</x>
				<y>670</y>
			</image>
			<image name="BM_Container_footer_v2">
				<include src="vertical_fade_line.xml" />
				<_bottom_to_top>&true;</_bottom_to_top>
				<height>30</height>
				<x><copy src="parent()" trait="width" /></x>
				<y>640</y>
			</image>
		</rect>
		<rect name="BM_CapsFlow">
			<id>12</id>
			<x>
				<copy src="sibling(BM_ItemsRect)" trait="x" />
				<add>449</add>
				<add>
					<copy>20</copy>
					<onlyif>
						<copy src="io()" trait="_ArrowDirection" />
						<eq>2</eq>
					</onlyif>
				</add>
			</x>
			<y>310</y>
			<depth>2</depth>
			<locus>&true;</locus>
			<alpha>255</alpha>
			<_Value></_Value>
			<visible>&false;</visible>
			<image name="BM_CapsFlowIcon">
				<filename>
					<copy src="io()" trait="_ArrowDirection" />
					<copy src="me()" trait="_filename_" />
				</filename>
				<height>300</height>
				<width>150</width>
				<zoom>&scale;</zoom>
				<visible>&true;</visible>
				<alpha><copy src="parent()" trait="alpha" /></alpha>
				<x>
					<copy>10</copy>
					<sub>
						<copy>25</copy>
						<onlyif><copy src="io()" trait="_ArrowDirection" /><eq>2</eq></onlyif>
					</sub>
				</x>
				<y>-15</y>
				<_filename_1>Interface\Barter\barter_arrow_buy.dds</_filename_1>
				<_filename_2>Interface\Barter\barter_arrow_sell.dds</_filename_2>
			</image>
			<text name="BM_TransactionAmount">
				<x>
					<copy>47.5</copy>
					<add>
						<copy>-7.5</copy>
						<onlyif>
							<copy src="io()" trait="_ArrowDirection" />
							<eq>2</eq>
						</onlyif>
					</add>
					<sub>
						<copy src="me()" trait="width" />
						<sub>70</sub>
						<onlyif>
							<copy src="me()" trait="width" />
							<gt>70</gt>
						</onlyif>
						<mul>
							<copy>1</copy>
							<add>
								<copy>-2</copy>
								<onlyif>
									<copy src="io()" trait="_ArrowDirection" />
									<eq>2</eq>
								</onlyif>
							</add>
						</mul>
					</sub>
				</x>
				<y>42</y>
				<justify>&center;</justify>
				<font>3</font>
				<string><copy src="parent()" trait="_Value" /></string>
				<visible>&true;</visible>
				<alpha><copy src="parent()" trait="alpha" /></alpha>
			</text>
			<text name="BM_CapsLabel">
				<string>&-sInventoryCaps;</string>
				<justify>&center;</justify>
				<font><copy src="globals()" trait="_gl_listFont" /></font>
				<x><copy src="sibling(BM_TransactionAmount)" trait="x" /><add>2.5</add></x>
				<y>72</y>
				<visible>&true;</visible>
				<alpha><copy src="parent()" trait="alpha" /></alpha>
			</text>
		</rect>
		<rect name="BM_ButtonRect">
			<x>
				<copy src="BM_ContainerRect" trait="x" />
				<add src="BM_ContainerRect" trait="width" />
				<sub>55</sub>
			</x>
			<y>810</y>
			<locus>&true;</locus>
			<depth>6</depth>
			<image name="BM_ButtonX">
				<id>13</id>
				<include src="darn\text_box.xml" />
				<_line_alpha>
					<copy>128</copy>
					<add>
						<copy>127</copy>
						<onlyif src="me()" trait="target" />
					</add>
				</_line_alpha>
				<_verbuf>6</_verbuf>
				<justify>&right;</justify>
				<target>&false;</target>
				<_xbox_button>&xbuttonx;</_xbox_button>
				<_PCButtonText>&-sPCMenuHintA;</_PCButtonText>
				<string>&-sAccept;</string>
			</image>
			<image name="BM_ButtonB">
				<id>19</id>
				<include src="darn\text_box.xml" />
				<_verbuf>6</_verbuf>
				<_y>
					<copy src="sibling(BM_ButtonX)" trait="_y" />
					<add>
						<copy src="me()" trait="height" />
						<onlyif src="sibling(BM_ButtonX)" trait="visible" />
					</add>
				</_y>
				<systemcolor>&hudalt;</systemcolor>
				<justify>&right;</justify>
				<string>&-sExit;</string>
				<_xbox_button>&xbuttonb;</_xbox_button>
				<_PCButtonText>&-sPCMenuHintX;</_PCButtonText>
			</image>
		</rect>
		<image name="BM_ItemIcon">
			<id>20</id>
			<depth>2</depth>
			<x>
				<copy src="sibling(BM_ItemsRect)" trait="x" />
				<add>22</add>
			</x>
			<y>
				<copy src="sibling(BM_ItemsRect)" trait="y" />
				<add>657</add>
			</y>
			<width>192</width>
			<height>192</height>
			<zoom>&scale;</zoom>
			<visible>&false;</visible>
		</image>
		<rect name="BM_ItemData">
			<include src="item_stats_display.xml" />
			<id>21</id>
			<x>
				<copy src="BM_MainRect" trait="width" />
				<sub src="me()" trait="width" />
				<div>2</div>
				<add src="BM_MainRect" trait="x" />
			</x>
			<y>
				<copy src="BM_ContainerRect" trait="y" />
				<add>730</add>
			</y>
			<font>4</font>
		</rect>
		<rect name="BM_BottomBracket">
			<include src="bottom_bracket.xml" />
			<width>1024</width>
			<height>40</height>
			<x><copy src="BM_ItemsRect" trait="x" /></x>
			<y>940</y>
			<depth>2</depth>
		</rect>
	</rect>
	<template name="BM_list_template">
		<hotrect name="BM_list_template_container">
			<include src="list_box_template.xml" />
			<id>23</id>
			<_Value></_Value>
			<_NumBartered></_NumBartered>
			<_IsEquipped>&false;</_IsEquipped>
			<_IsBarterSelected>&false;</_IsBarterSelected>
			<height><copy src="io()" trait="_itemHeight" /></height>
			<_VerticalSpacing>7</_VerticalSpacing>
			<text name="ListItemText">
				<font><copy src="globals()" trait="_gl_listFont" /></font>
				<string><copy src="parent()" trait="string" /></string>
				<wrapwidth>300</wrapwidth>
				<x>27</x>
				<y>
					<copy src="parent()" trait="height" />
					<sub src="me()" trait="height" />
					<div>2</div>
				</y>
			</text>
			<text name="BM_list_template_ItemValue">
				<font><copy src="globals()" trait="_gl_listFont" /></font>
				<justify>&right;</justify>
				<string><copy src="parent()" trait="_Value" /></string>
				<x>403</x>
				<y>
					<copy src="parent()" trait="height" />
					<sub src="me()" trait="height" />
					<div>2</div>
				</y>
			</text>
			<image name="BM_list_template_ItemMarker">
				<filename>
					<copy>0</copy>
					<add>
						<copy>1</copy>
						<onlyif src="parent()" trait="_IsEquipped" />
					</add>
					<add>
						<copy>2</copy>
						<onlyif src="parent()" trait="_IsBarterSelected" />
					</add>
					<copy src="me()" trait="_Filename_" />
				</filename>
				<width>14</width>
				<height>14</height>
				<x>8</x>
				<y>
					<copy src="parent()" trait="height" />
					<sub src="me()" trait="height" />
					<div>2</div>
				</y>
				<visible>
					<copy src="parent()" trait="_IsEquipped" />
					<or src="parent()" trait="_IsBarterSelected" />
				</visible>
				<zoom>67</zoom>
				<_Filename_1>interface\shared\marker\square_filled.dds</_Filename_1>
				<_Filename_2>interface\shared\marker\square.dds</_Filename_2>
			</image>
		</hotrect>
	</template>
</menu>
