<menu name="ItemModMenu">
	<class>&ItemModMenu;</class>
	<id>&pipboymenu;</id>
	<systemcolor>&pipboy;</systemcolor>
	<_PCButton_E>IMM_CancelButton</_PCButton_E>
	<rect name="NOGLOW_BRANCH">
		<id>&noglow_branch;</id>
	</rect>
	<rect name="GLOW_BRANCH">
		<id>&glow_branch;</id>
		<image name="WMM_Background">
			<filename>Interface\Shared\Background\pipboy.dds</filename>
			<width>1024</width>
			<height>768</height>
			<zoom>&scale;</zoom>
			<depth>1</depth>
			<brightness>90</brightness>
		</image>
		<rect name="IMM_MainRect">
			<x>50</x>
			<y>50</y>
			<width>855</width>
			<height>650</height>
			<depth>2</depth>
			<locus>&true;</locus>
			<rect name="IMM_HeadlineRect">
				<width>
					<copy src="parent()" trait="width"/>
				</width>
				<height>50</height>
				<image name="IMM_Headline_v1">
					<include src="vertical_fade_line.xml"/>
				</image>
				<image name="IMM_Headline_h1">
					<include src="line.xml"/>
					<_length>50</_length>
				</image>
				<text name="IMM_Headline_Title">
					<x>
						<copy src="sibling(IMM_Headline_h1)" trait="x"/>
						<add src="sibling(IMM_Headline_h1)" trait="_length"/>
						<add>20</add>
					</x>
					<y>
						<copy>0</copy>
						<add src="globals()" trait="_pb_HeaderVOffset" />
					</y>
					<font><copy src="globals()" trait="_gl_HeaderFont" /></font>
					<string><copy src="me()" trait="_Title"/></string>
					<_Title>&-sInventoryItems;</_Title>
				</text>
				<image name="IMM_Headline_h2">
					<include src="line.xml"/>
					<x>
						<copy src="sibling(IMM_Headline_Title)" trait="x"/>
						<add src="sibling(IMM_Headline_Title)" trait="width"/>
						<add>20</add>
					</x>
					<_length>
						<copy src="sibling(IMM_Headline_PlayerSkillInfo)" trait="x"/>
						<sub src="me()" trait="x"/>
						<max>0</max>
					</_length>
				</image>
				<rect name="IMM_ItemName">
					<include src="darn\text_box.xml"/>
					<id>0</id>
					<font>3</font>
					<x>200</x>
					<width>
						<copy src="parent()" trait="width"/>
						<sub src="me()" trait="x"/>
						<sub>100</sub>
					</width>
					<justify>&right;</justify>
				</rect>
			</rect>
			<hotrect name="IMM_ItemModList">
				<include src="list_box.xml"/>
				<id>1</id>
				<x>-15</x>
				<y>75</y>
				<width>430</width>
				<height>468</height>
				<rect name="IMM_LeftBracket">
					<include src="bracket_vert.xml"/>
					<id>2</id>
					<x>33</x>
					<y>0</y>
					<height>0</height>
					<width>30</width>
					<_OpenToLeft>&false;</_OpenToLeft>
				</rect>
				<rect name="IMM_RightBracket">
					<include src="bracket_vert.xml"/>
					<x>422</x>
					<y>
						<copy src="sibling(IMM_LeftBracket)" trait="y"/>
					</y>
					<height>
						<copy src="sibling(IMM_LeftBracket)" trait="height"/>
					</height>
					<width>30</width>
				</rect>
			</hotrect>
			<image name="IMM_ItemIcon">
				<id>3</id>
				<x>450</x>
				<y>20</y>
				<width>200</width>
				<height>200</height>
				<zoom>&scale;</zoom>
				<cropx>20</cropx>
			</image>
			<text name="IMM_ModDesc">
				<id>13</id>
				<x>450</x>
				<y>220</y>
				<wrapwidth>350</wrapwidth>
				<height>100</height>
				<justify>&left;</justify>
			</text>
			<rect name="IMM_CompareRect">
				<x>
					<copy src="sibling(IMM_ItemModList)" trait="x"/>
					<add src="sibling(IMM_ItemModList)" trait="width"/>
				</x>
				<y>400</y>
				<width>
					<copy src="parent()" trait="width"/>
					<sub src="me()" trait="x"/>
					<sub>13</sub>
				</width>
				<height>180</height>
				<locus>&true;</locus>
				<rect name="IMM_ItemHealth">
					<id>4</id>
					<include src="card_info.xml"/>
					<width>
						<copy src="parent()" trait="width"/>
						<div>2</div>
					</width>
					<height>60</height>
					<_Title>&-sInventoryCondition;</_Title>
					<visible>&false;</visible>
					<rect name="IMM_ItemHealthMeter">
						<include src="meter.xml"/>
						<x>
							<copy src="parent()" trait="width"/>
							<sub src="me()" trait="width"/>
							<sub>15</sub>
						</x>
						<y>
							<copy src="sibling(CI_TitleText)" trait="y"/>
							<sub>3</sub>
						</y>
						<width>60</width>
						<height>16</height>
						<_SolidMeter>&true;</_SolidMeter>
						<_ShowBackground>&true;</_ShowBackground>
						<_Value>
							<copy src="parent()" trait="user0"/>
						</_Value>
					</rect>
				</rect>
				<rect name="IMM_ItemStat">
					<id>5</id>
					<include src="card_info.xml"/>
					<x>
						<copy src="sibling(IMM_ItemHealth)" trait="width"/>
						<add>10</add>
					</x>
					<width>
						<copy src="parent()" trait="width"/>
						<div>2</div>
					</width>
					<height>60</height>
					<visible>
						<copy src="sibling(IMM_ItemHealth)" trait="visible"/>
					</visible>
				</rect>
				<image name="IMM_ArrowIcon">
					<filename>Interface\Shared\Arrow\repair_arrow_down.dds</filename>
					<x>
						<copy src="parent()" trait="width"/>
						<sub src="me()" trait="width"/>
						<div>2</div>
					</x>
					<y>
						<copy src="parent()" trait="height"/>
						<sub src="me()" trait="height"/>
						<div>2</div>
						<sub>5</sub>
					</y>
					<height>80</height>
					<width>80</width>
					<zoom>&scale;</zoom>
					<visible>
						<copy src="sibling(IMM_ModItemHealth)" trait="visible"/>
						<or src="sibling(IMM_ChooseItemText)" trait="visible"/>
					</visible>
				</image>
				<text name="IMM_HealthImprovementText">
					<id>6</id>
					<font>6</font>
					<justify>&center;</justify>
					<x>
						<copy src="parent()" trait="width"/>
						<div>4</div>
					</x>
					<y>
						<copy src="sibling(IMM_ArrowIcon)" trait="y"/>
						<add>30</add>
					</y>
					<visible>
						<copy src="sibling(IMM_FixedItemHealth)" trait="visible"/>
					</visible>
				</text>
				<text name="IMM_StatImprovementText">
					<id>7</id>
					<font>6</font>
					<justify>&center;</justify>
					<x>
						<copy src="parent()" trait="width"/>
						<mul>3</mul>
						<div>4</div>
					</x>
					<y>
						<copy src="sibling(IMM_HealthImprovementText)" trait="y"/>
					</y>
					<visible>
						<copy src="sibling(IM_ModItemHealth)" trait="visible"/>
					</visible>
				</text>
				<text name="IMM_ChooseItemText">
					<id>8</id>
					<font>2</font>
					<x>
						<copy src="parent()" trait="width"/>
						<div>2</div>
					</x>
					<y>
						<copy src="sibling(IMM_ModItemHealth)" trait="y"/>
						<add>15</add>
					</y>
					<visible>&false;</visible>
					<wrapwidth>400</wrapwidth>
					<justify>&center;</justify>
				</text>
				<rect name="IMM_ModItemHealth">
					<id>9</id>
					<include src="card_info.xml"/>
					<y>
						<copy src="parent()" trait="height"/>
						<sub src="me()" trait="height"/>
					</y>
					<width>
						<copy src="parent()" trait="width"/>
						<div>2</div>
					</width>
					<height>60</height>
					<visible>&false;</visible>
					<_Title>&-sInventoryCondition;</_Title>
					<rect name="IMM_ModItemHealthMeter">
						<include src="meter.xml"/>
						<x>
							<copy src="parent()" trait="width"/>
							<sub src="me()" trait="width"/>
							<sub>15</sub>
						</x>
						<y>
							<copy src="sibling(CI_TitleText)" trait="y"/>
							<sub>3</sub>
						</y>
						<width>60</width>
						<height>16</height>
						<_SolidMeter>&true;</_SolidMeter>
						<_ShowBackground>&true;</_ShowBackground>
						<_Value>
							<copy src="parent()" trait="user0"/>
						</_Value>
					</rect>
				</rect>
				<rect name="IM_ModItemStat">
					<id>10</id>
					<include src="card_info.xml"/>
					<x>
						<copy src="sibling(IMM_ModItemHealth)" trait="width"/>
						<add>10</add>
					</x>
					<y>
						<copy src="sibling(IMM_ModItemHealth)" trait="y"/>
					</y>
					<width>
						<copy src="parent()" trait="width"/>
						<div>2</div>
					</width>
					<height>60</height>
					<visible>
						<copy src="sibling(IMM_ModItemHealth)" trait="visible"/>
					</visible>
				</rect>
			</rect>
			<rect name="IMM_ButtonRect">
				<x>
					<copy src="parent()" trait="width"/>
				</x>
				<y>
					<copy src="sibling(IMM_ItemModList)" trait="y"/>
				</y>
				<height>120</height>
				<locus>&true;</locus>
				<image name="IMM_ItemModButton">
					<id>11</id>
					<include src="text_box.xml" />
					<_horbuf>20</_horbuf>
					<_verbuf>15</_verbuf>
					<justify>&right;</justify>
					<string>&-sInventoryMod;</string>
					<visible>&xbox;</visible>
					<_line_alpha>255</_line_alpha>
					<_xbox_button>&xbuttona;</_xbox_button>
				</image>
				<image name="IMM_CancelButton">
					<id>12</id>
					<include src="darn\text_box.xml"/>
					<_y>
						<copy src="sibling(IMM_ItemModButton)" trait="_y"/>
						<add>
							<copy src="me()" trait="height"/>
							<onlyif src="sibling(IMM_ItemModButton)" trait="visible"/>
						</add>
					</_y>
					<_horbuf>20</_horbuf>
					<_verbuf>15</_verbuf>
					<justify>&right;</justify>
					<string>&-sExit;</string>
					<_xbox_button>&xbuttonb;</_xbox_button>
					<_PCButtonText>&-sPCMenuHintE;</_PCButtonText>
				</image>
			</rect>
		</rect>
	</rect>
	<template name="IMM_ItemModListTemplate">
		<hotrect name="IMM_ItemModListTemplateRect">
			<include src="list_box_template.xml"/>
			<_Value></_Value>
			<_IsItemModItem>&false;</_IsItemModItem>
			<user0>0</user0>
			<user1>0</user1>
			<mouseoversound>&nosound;</mouseoversound>
			<clicksound>&nosound;</clicksound>
			<x>32</x>
			<width>393</width>
			<target>&true;</target>
			<visible>&true;</visible>
			<text name="ListItemText">
				<font>2</font>
				<string>
					<copy src="parent()" trait="string"/>
				</string>
				<alpha>255</alpha>
				<wrapwidth>270</wrapwidth>
				<x>40</x>
				<y>
					<copy src="parent()" trait="height" />
					<sub src="me()" trait="height" />
					<div>2</div>
				</y>
			</text>
			<image name="IMM_Template_ItemMarker">
				<filename>Interface\Shared\Marker\square_filled.dds</filename>
				<texatlas>Interface\InterfaceShared.tai</texatlas>
				<width>14</width>
				<height>14</height>
				<x>15</x>
				<y>
					<copy src="parent()" trait="height" />
					<sub src="me()" trait="height" />
					<div>2</div>
				</y>
				<visible>&false;</visible>
				<alpha>
					<copy src="sibling(ListItemText)" trait="alpha"/>
				</alpha>
				<target>&false;</target>
			</image>
		</hotrect>
	</template>
</menu>
