<menu name="RecipeMenu">
	<_DUIF3> 1 </_DUIF3>
	<class>&RecipeMenu;</class>
	<stackingtype>&no_click_past;</stackingtype>
	<_IsContainerListSelected>-1</_IsContainerListSelected>
	<_ArrowDirection></_ArrowDirection>
	<xbuttonx><ref src="RM_ButtonX" trait="clicked"/></xbuttonx>
	<xbuttonb><ref src="RM_ButtonB" trait="clicked"/></xbuttonb>
	<_PCButton_A>RM_ButtonX</_PCButton_A>
	<_PCButton_X>RM_ButtonB</_PCButton_X>
	<user0>0</user0>
	<_itemHeight>
		<copy src="child(sizer)" trait="height" />
		<add>7</add>
	</_itemHeight>
	<_itemCount>
		<copy>600</copy>
		<div src="me()" trait="_itemHeight" />
		<floor>0</floor>
	</_itemCount>
	<_listHeight>
		<copy src="me()" trait="_itemCount" />
		<mul src="me()" trait="_itemHeight" />
	</_listHeight>
	<text name="sizer">
		<font><copy src="globals()" trait="_gl_listFont" /></font>
		<string>ABCDEFGHIJKLMNOPQRSTUVWXYZ1234567890</string>
		<visible>&false;</visible>
	</text>
	<rect name="NOGLOW_BRANCH">
		<id>&noglow_branch;</id>
		<systemcolor>&hudmain;</systemcolor>
		<rect name="RM_MainRect">
			<width>1024</width>
			<height>960</height>
			<x>
				<copy src="screen()" trait="width"/>
				<sub src="me()" trait="width"/>
				<div>2</div>
			</x>
			<y>10</y>
		</rect>
		<image name="RM_Background">
			<width>1144</width>
			<height>1110</height>
			<x>
				<copy src="sibling(RM_MainRect)" trait="x"/>
				<sub>40</sub>
			</x>
			<y>
				<copy src="sibling(RM_MainRect)" trait="y"/>
				<sub>105</sub>
			</y>
			<depth>1</depth>
			<filename>Interface\Shared\Background\solid_black.dds</filename>
			<zoom>&scale;</zoom>
			<systemcolor>&nosystemcolor;</systemcolor>
			<brightness>128</brightness>
			<alpha><copy src="globals()" trait="_background_fill_alpha"/></alpha>
		</image>
		<rect name="RM_ItemsRect">
			<depth>2</depth>
			<locus>&true;</locus>
			<width>484</width>
			<height>630</height>
			<x>
				<copy src="RM_MainRect" trait="x"/>
				<add>20</add>
			</x>
			<y>
				<copy src="RM_MainRect" trait="y"/>
				<add>20</add>
			</y>
			<image name="RM_Items_headline_v1">
				<include src="vertical_fade_line.xml"/>
				<height>40</height>
			</image>
			<image name="RM_Items_headline_h1">
				<include src="line.xml"/>
				<_length>25</_length>
			</image>
			<image name="RM_Items_LeftFilterArrow">
				<id>0</id>
				<filename>Interface\Main\main_arrow_left.dds</filename>
				<x>30</x>
				<y>-10</y>
				<width>17.5</width>
				<height>35</height>
				<zoom>&scale;</zoom>
				<target>&true;</target>
			</image>
			<text name="RM_ItemsTitle">
				<id>1</id>
				<font>3</font>
				<string>&-sRecipes;</string>
				<x>50</x>
				<y>-7</y>
				<target>&true;</target>
				<wheelable>&true;</wheelable>
			</text>
			<image name="RM_Items_RightFilterArrow">
				<id>2</id>
				<filename>Interface\Main\main_arrow_right.dds</filename>
				<x>
					<copy>60</copy>
					<add src="sibling(RM_ItemsTitle)" trait="width"/>
				</x>
				<y>-10</y>
				<width>17.5</width>
				<height>35</height>
				<zoom>&scale;</zoom>
				<target>&true;</target>
			</image>
			<image name="RM_Items_headline_h2">
				<include src="line.xml"/>
				<_length>
					<copy>484</copy>
					<sub src="me()" trait="x"/>
					<max>0</max>
				</_length>
				<x>
					<copy src="sibling(RM_Items_RightFilterArrow)" trait="x"/>
					<add>20</add>
				</x>
			</image>
			<image name="RM_Items_headline_v2">
				<include src="vertical_fade_line.xml"/>
				<height>40</height>
				<x>481</x>
			</image>
			<hotrect name="RM_Items_InventoryList">
				<include src="list_box.xml"/>
				<id>3</id>
				<_enabled><copy src="io()" trait="_IsContainerListSelected" /></_enabled>
				<x>-15</x>
				<y>46</y>
				<width>482</width>
				<height><copy src="io()" trait="_listHeight" /></height>
			</hotrect>
			<image name="RM_Items_footer_v1">
				<include src="vertical_fade_line.xml"/>
				<_bottom_to_top>&true;</_bottom_to_top>
				<height>30</height>
				<y>640</y>
			</image>
			<image name="RM_Items_footer_h1">
				<include src="line.xml"/>
				<_length>25</_length>
				<y>670</y>
			</image>
			<image name="RM_Items_TitleButton">
				<filename>
					<copy src="io()" trait="user0"/>
					<add>1</add>
					<copy src="me()" trait="_filename_"/>
				</filename>
				<texatlas>Interface\InterfaceShared.tai</texatlas>
				<visible>&xbox;</visible>
				<width>65</width>
				<height>65</height>
				<x>15</x>
				<y>640</y>
				<_filename_1>general_button_lt.dds</_filename_1>
				<_filename_2>general_button_lb.dds</_filename_2>
			</image>
			<image name="RM_Items_footer_h2">
				<include src="line.xml"/>
				<_length>
					<copy src="parent()" trait="width"/>
					<add src="RM_Items_footer_v2" trait="width"/>
					<sub src="me()" trait="x"/>
				</_length>
				<x>
					<copy>25</copy>
					<add>
						<copy>50</copy>
						<onlyif>&xbox;</onlyif>
					</add>
				</x>
				<y>670</y>
			</image>
			<image name="RM_Items_footer_v2">
				<include src="vertical_fade_line.xml"/>
				<_bottom_to_top>&true;</_bottom_to_top>
				<height>30</height>
				<x><copy src="parent()" trait="width"/></x>
				<y>640</y>
			</image>
		</rect>
		<rect name="RM_ContainerRect">
			<depth>2</depth>
			<locus>&true;</locus>
			<width>484</width>
			<height>630</height>
			<x>
				<copy src="RM_BottomBracket" trait="x"/>
				<add>540</add>
			</x>
			<y><copy src="sibling(RM_ItemsRect)" trait="y"/></y>
			<image name="RM_Container_headline_v1">
				<include src="vertical_fade_line.xml"/>
				<height>40</height>
			</image>
			<image name="RM_Container_headline_h1">
				<include src="line.xml"/>
				<_length>25</_length>
			</image>
			<text name="RM_ContainerTitle">
				<id>12</id>
				<font>3</font>
				<string>&-sMadeAt;</string>
				<x>50</x>
				<y>-5</y>
				<visible>&false;</visible>
			</text>
			<text name="RM_MadeAtVariable">
				<id>4</id>
				<font>3</font>
				<string></string>
				<x>35</x>
				<y>-10</y>
			</text>
			<image name="RM_Container_headline_h2">
				<include src="line.xml" />
				<x>
					<copy src="sibling(RM_MadeAtVariable)" trait="x" />
					<add src="sibling(RM_MadeAtVariable)" trait="width" />
					<add>10</add>
				</x>
				<_length>
					<copy src="parent()" trait="width" />
					<sub src="me()" trait="x" />
				</_length>
			</image>
			<image name="RM_Container_headline_v2">
				<include src="vertical_fade_line.xml" />
				<height>40</height>
				<x>481</x>
			</image>
			<text name="RM_SkillRequirementHeader">
				<id>13</id>
				<font>6</font>
				<string>&-sSkillRequirement;</string>
				<x>60</x>
				<y>50</y>
			</text>
			<text name="RM_SkillRequirementHeaderColon">
				<font>6</font>
				<string>:</string>
				<x>
					<copy src="sibling(RM_SkillRequirementHeader)" trait="x" />
					<add src="sibling(RM_SkillRequirementHeader)" trait="width" />
				</x>
				<y>50</y>
			</text>
			<text name="RM_SkillRequirement">
				<id>5</id>
				<font>1</font>
				<string></string>
				<x>100</x>
				<y>90</y>
			</text>
			<text name="RM_Items_IngredientHeader">
				<id>11</id>
				<font>6</font>
				<string>&-sIngredients;</string>
				<x>60</x>
				<y>160</y>
			</text>
			<text name="RM_Items_IngredientHeaderColon">
				<font>6</font>
				<string>:</string>
				<x>
					<copy src="sibling(RM_Items_IngredientHeader)" trait="x" />
					<add src="sibling(RM_Items_IngredientHeader)" trait="width" />
				</x>
				<y>160</y>
			</text>
			<hotrect name="RM_Items_IngredientList">
				<include src="list_box.xml"/>
				<_enabled><not src="io()" trait="_IsContainerListSelected" /></_enabled>
				<font>6</font>
				<id>6</id>
				<x>30</x>
				<y>200</y>
				<width>442</width>
				<height>
					<copy src="parent()" trait="height" />
					<sub src="me()" trait="y" />
				</height>
			</hotrect>
			<image name="RM_Container_footer_v1">
				<include src="vertical_fade_line.xml"/>
				<_bottom_to_top>&true;</_bottom_to_top>
				<height>30</height>
				<y>640</y>
			</image>
			<image name="RM_Container_footer_h1">
				<include src="line.xml"/>
				<_length>
					<copy src="parent()" trait="width"/>
					<sub>25</sub>
					<sub>
						<copy>50</copy>
						<onlyif>&xbox;</onlyif>
					</sub>
				</_length>
				<y>670</y>
			</image>
			<image name="RM_Container_TitleButton">
				<filename>
					<copy src="io()" trait="user0"/>
					<add>1</add>
					<copy src="me()" trait="_filename_"/>
				</filename>
				<texatlas>Interface\InterfaceShared.tai</texatlas>
				<visible>&xbox;</visible>
				<width>65</width>
				<height>65</height>
				<x>
					<copy src="parent()" trait="width"/>
					<sub>80</sub>
				</x>
				<y>640</y>
				<_filename_1>general_button_rt.dds</_filename_1>
				<_filename_2>general_button_rb.dds</_filename_2>
			</image>
			<image name="RM_Container_footer_h2">
				<include src="line.xml"/>
				<_length>
					<copy>25</copy>
					<add src="RM_Container_footer_v2" trait="width"/>
				</_length>
				<x>
					<copy src="parent()" trait="width"/>
					<sub>25</sub>
				</x>
				<y>670</y>
			</image>
			<image name="RM_Container_footer_v2">
				<include src="vertical_fade_line.xml"/>
				<_bottom_to_top>&true;</_bottom_to_top>
				<height>30</height>
				<x><copy src="parent()" trait="width"/></x>
				<y>640</y>
			</image>
		</rect>
		<rect name="RM_ButtonRect">
			<x>
				<copy src="RM_ContainerRect" trait="x"/>
				<add src="RM_ContainerRect" trait="width"/>
				<sub>10</sub>
			</x>
			<y>800</y>
			<locus>&true;</locus>
			<depth>6</depth>
			<image name="RM_ButtonX">
				<id>7</id>
				<include src="darn\text_box.xml"/>
				<_line_alpha>
					<copy>128</copy>
					<add>
						<copy>127</copy>
						<onlyif src="me()" trait="target"/>
					</add>
				</_line_alpha>
				<_verbuf>6</_verbuf>
				<justify>&right;</justify>
				<target>&false;</target>
				<_xbox_button>&xbuttonx;</_xbox_button>
				<_PCButtonText>&-sPCMenuHintA;</_PCButtonText>
				<string>&-sAccept;</string>
			</image>
			<image name="RM_ButtonB">
				<id>8</id>
				<include src="darn\text_box.xml"/>
				<_y>
					<copy src="sibling(RM_ButtonX)" trait="_y"/>
					<add>
						<copy src="me()" trait="height"/>
						<onlyif src="sibling(RM_ButtonX)" trait="visible"/>
					</add>
				</_y>
				<systemcolor>&hudalt;</systemcolor>
				<_verbuf>6</_verbuf>
				<justify>&right;</justify>
				<string>&-sExit;</string>
				<_xbox_button>&xbuttonb;</_xbox_button>
				<_PCButtonText>&-sPCMenuHintX;</_PCButtonText>
			</image>
		</rect>
		<image name="RM_ItemIcon">
			<id>9</id>
			<depth>2</depth>
			<x>
				<copy src="sibling(RM_ItemsRect)" trait="x"/>
				<add>22</add>
			</x>
			<y>
				<copy src="sibling(RM_ItemsRect)" trait="y"/>
				<add>657</add>
			</y>
			<width>192</width>
			<height>192</height>
			<zoom>&scale;</zoom>
			<visible>&false;</visible>
		</image>
		<rect name="RM_ItemData">
			<include src="item_stats_display.xml" />
			<id>10</id>
			<x>
				<copy src="RM_MainRect" trait="width"/>
				<sub src="me()" trait="width" />
				<div>2</div>
				<add src="RM_MainRect" trait="x" />
			</x>
			<y>
				<copy src="RM_ContainerRect" trait="y"/>
				<add>730</add>
			</y>
		</rect>
		<rect name="RM_BottomBracket">
			<include src="bottom_bracket.xml"/>
			<width>1024</width>
			<height>40</height>
			<x><copy src="RM_ItemsRect" trait="x"/></x>
			<y>940</y>
			<depth>2</depth>
		</rect>
	</rect>
	<template name="RM_list_template">
		<hotrect name="RM_list_template_container">
			<include src="list_box_template.xml"/>
			<id>15</id>
			<_Value></_Value>
			<_NumRecipeed></_NumRecipeed>
			<_IsEquipped>&false;</_IsEquipped>
			<_IsRecipeSelected>&false;</_IsRecipeSelected>
			<_concoct>
				<copy src="me()" trait="_IsEquipped" />
				<add src="me()" trait="_IsRecipeSelected" />
				<add src="me()" trait="_NumRecipeed" />
				<add src="me()" trait="_selected" />
			</_concoct>
			<_VerticalSpacing>7</_VerticalSpacing>
			<alpha>
				<copy>60</copy>
				<mul src="me()" trait="_concoct" />
			</alpha>
			<text name="ListItemText">
				<font><copy src="globals()" trait="_gl_listFont" /></font>
				<string><copy src="parent()" trait="string"/></string>
				<wrapwidth>370</wrapwidth>
				<x>40</x>
				<y>
					<copy src="parent()" trait="height" />
					<sub src="me()" trait="height" />
					<div>2</div>
				</y>
			</text>
			<text name="RM_list_template_ItemValue">
				<font><copy src="globals()" trait="_gl_listFont" /></font>
				<justify>&right;</justify>
				<string><copy src="parent()" trait="_Value"/></string>
				<x>403</x>
				<y>
					<copy src="parent()" trait="height" />
					<sub src="me()" trait="height" />
					<div>2</div>
				</y>
			</text>
			<image name="RM_list_template_ItemMarker">
				<filename>
					<copy>0</copy>
					<add>
						<copy>1</copy>
						<onlyif src="parent()" trait="_IsEquipped"/>
					</add>
					<add>
						<copy>2</copy>
						<onlyif src="parent()" trait="_IsRecipeSelected"/>
					</add>
					<copy src="me()" trait="_Filename_"/>
				</filename>
				<texatlas>Interface\InterfaceShared.tai</texatlas>
				<width>14</width>
				<height>14</height>
				<x>12</x>
				<y>
					<copy src="parent()" trait="height" />
					<sub src="me()" trait="height" />
					<div>2</div>
				</y>
				<visible>
					<copy src="parent()" trait="_IsEquipped"/>
					<or src="parent()" trait="_IsRecipeSelected"/>
				</visible>
				<zoom>67</zoom>
				<_Filename_1>square_filled.dds</_Filename_1>
				<_Filename_2>square.dds</_Filename_2>
			</image>
		</hotrect>
	</template>
</menu>
