<menu name="RepairServicesMenu">
	<_DUIF3> 1 </_DUIF3>
	<class>&RepairServicesMenu;</class>
	<stackingtype>&no_click_past;</stackingtype>
	<xbuttonx><ref src="RSM_RepairAllButton" trait="clicked"/></xbuttonx>
	<xbuttonb><ref src="RSM_DoneButton" trait="clicked"/></xbuttonb>
	<_PCButton_A>RSM_RepairAllButton</_PCButton_A>
	<_PCButton_E>RSM_DoneButton</_PCButton_E>
	<rect name="NOGLOW_BRANCH">
		<id>&noglow_branch;</id>
		<systemcolor>&hudmain;</systemcolor>
		<image name="RSM_Background">
			<width>1084</width>
			<height>910</height>
			<x>
				<copy src="sibling(RSM_MainRect)" trait="x"/>
				<sub>55</sub>
			</x>
			<y>
				<copy src="sibling(RSM_MainRect)" trait="y"/>
				<sub>115</sub>
			</y>
			<depth>1</depth>
			<filename>Interface\Shared\Background\solid_black.dds</filename>
			<zoom>&scale;</zoom>
			<brightness>128</brightness>
			<alpha><copy src="globals()" trait="_background_fill_alpha"/></alpha>
		</image>
		<rect name="RSM_MainRect">
			<x>
				<copy src="screen()" trait="width"/>
				<sub src="me()" trait="width"/>
				<div>2</div>
			</x>
			<y>
				<copy src="screen()" trait="height"/>
				<sub src="me()" trait="height"/>
				<div>2</div>
			</y>
			<width>970</width>
			<height>680</height>
			<depth>2</depth>
			<locus>&true;</locus>
			<image name="RSM_Headline_v1">
				<include src="vertical_fade_line.xml"/>
			</image>
			<image name="RSM_Headline_h1">
				<include src="line.xml"/>
				<_length>50</_length>
			</image>
			<text name="RSM_Headline_Title">
				<font><copy src="globals()" trait="_gl_HeaderFont" /></font>
				<x>70</x>
				<y>-17</y>
				<brightness>255</brightness>
				<string><copy src="me()" trait="_Title"/></string>
				<_Title>&-sRepairServicesTitle;</_Title>
			</text>
			<image name="RSM_Headline_h2">
				<include src="line.xml"/>
				<x>
					<copy src="sibling(RSM_Headline_Title)" trait="width"/>
					<add>90</add>
				</x>
				<_length>
					<copy src="RSM_Headline_v2" trait="x"/>
					<sub src="me()" trait="x"/>
					<max>0</max>
				</_length>
			</image>
			<text name="RSM_VendorSkillLabel">
				<id>0</id>
				<string></string>
				<font>2</font>
				<justify>&right;</justify>
				<x>
					<copy src="sibling(RSM_Headline_v2)" trait="x"/>
					<sub>15</sub>
				</x>
				<y>15</y>
			</text>
			<image name="RSM_Headline_v2">
				<include src="vertical_fade_line.xml"/>
				<x>
					<copy>960</copy>
					<sub src="sibling(RSM_CapsLabel)" trait="width"/>
					<sub>35</sub>
					<min>810</min>
				</x>
			</image>
			<image name="RSM_Headline_h3">
				<include src="line.xml"/>
				<x>
					<copy src="sibling(RSM_Headline_v2)" trait="x"/>
					<add>10</add>
				</x>
				<_length>
					<copy>970</copy>
					<sub src="me()" trait="x"/>
					<max>0</max>
				</_length>
			</image>
			<text name="RSM_CapsLabel">
				<id>1</id>
				<string></string>
				<font>2</font>
				<justify>&right;</justify>
				<x>955</x>
				<y>15</y>
			</text>
			<image name="RSM_Headline_v3">
				<include src="vertical_fade_line.xml"/>
				<x>970</x>
			</image>
			<hotrect name="RSM_RepairList">
				<include src="list_box.xml"/>
				<id>2</id>
				<x>-15</x>
				<y>47</y>
				<width>530</width>
				<height>600</height>
			</hotrect>
			<text name="RSM_EmptyRepairListText">
				<font>2</font>
				<string>&-sNoItemsToRepair;</string>
				<x>45</x>
				<y>75</y>
				<visible>
					<copy src="sibling(RSM_RepairList)" trait="_num_filtered"/>
					<sub src="sibling(RSM_RepairList)" trait="childcount"/>
					<add>2</add>
					<eq>0</eq>
				</visible>
			</text>
			<image name="RSM_ItemIcon">
				<id>3</id>
				<x>560</x>
				<y>60</y>
				<width>380</width>
				<height>380</height>
				<visible>&false;</visible>
				<zoom>&scale;</zoom>
			</image>
			<rect name="RSM_StatsDisplayRect">
				<id>4</id>
				<x>535</x>
				<y>430</y>
				<locus>&true;</locus>
				<visible>&false;</visible>
				<rect name="RSM_BrokenItemHealth">
					<id>5</id>
					<include src="card_info.xml"/>
					<width>213</width>
					<height>50</height>
					<_Title>&-sInventoryCondition;</_Title>
					<rect name="RSM_BrokenItemHealthMeter">
						<include src="meter.xml"/>
						<x>85</x>
						<y>
							<copy src="sibling(CI_TitleText)" trait="y"/>
						</y>
						<width>100</width>
						<height>16</height>
						<_SolidMeter>&true;</_SolidMeter>
						<_ShowBackground>&true;</_ShowBackground>
						<_Value><copy src="parent()" trait="user0"/></_Value>
					</rect>
				</rect>
				<rect name="RSM_BrokenItemStat">
					<id>6</id>
					<include src="card_info.xml"/>
					<x>220</x>
					<width>213</width>
					<height>50</height>
				</rect>
				<image name="RSM_ArrowIcon">
					<filename>Interface\Shared\Arrow\repair_arrow_down.dds</filename>
					<x>183</x>
					<y>50</y>
					<height>60</height>
					<width>60</width>
					<zoom>&scale;</zoom>
				</image>
				<text name="RSM_HealthImprovementText">
					<id>7</id>
					<font>3</font>
					<justify>&center;</justify>
					<x>
						<copy src="sibling(RSM_BrokenItemHealth)" trait="x" />
						<add>
							<copy src="sibling(RSM_BrokenItemHealth)" trait="width" />
							<div>2</div>
						</add>
						<sub>10</sub>
						<y>70</y>
						<visible><copy src="sibling(RSM_FixedItemHealth)" trait="visible"/></visible>
					</text>
					<text name="RSM_StatImprovementText">
						<id>8</id>
						<font>3</font>
						<justify>&center;</justify>
						<x>
							<copy src="sibling(RSM_BrokenItemStat)" trait="x" />
							<add>
								<copy src="sibling(RSM_BrokenItemStat)" trait="width" />
								<div>2</div>
							</add>
						</x>
						<y>70</y>
						<visible><copy src="sibling(RSM_FixedItemHealth)" trait="visible"/></visible>
					</text>
					<text name="RSM_ErrorText">
						<font>2</font>
						<id>9</id>
						<x>
							<copy src="sibling(RSM_ArrowIcon)" trait="x" />
							<add>
								<copy src="sibling(RSM_ArrowIcon)" trait="width" />
								<div>2</div>
							</add>
						</x>
						<y>140</y>
						<justify>&center;</justify>
						<visible><not src="sibling(RSM_FixedItemHealth)" trait="visible"/></visible>
						<string></string>
					</text>
					<rect name="RSM_FixedItemHealth">
						<id>10</id>
						<include src="card_info.xml"/>
						<y>120</y>
						<width>213</width>
						<height>50</height>
						<visible>&false;</visible>
						<_Title>&-sInventoryCondition;</_Title>
						<rect name="RSM_FixedItemHealthMeter">
							<include src="meter.xml"/>
							<x>85</x>
							<y>
								<copy src="sibling(CI_TitleText)" trait="y"/>
							</y>
							<width>100</width>
							<height>16</height>
							<_SolidMeter>&true;</_SolidMeter>
							<_ShowBackground>&true;</_ShowBackground>
							<_Value><copy src="parent()" trait="user0"/></_Value>
						</rect>
					</rect>
					<rect name="RSM_FixedItemStat">
						<id>11</id>
						<include src="card_info.xml"/>
						<x>220</x>
						<y>120</y>
						<width>213</width>
						<height>50</height>
						<visible><copy src="sibling(RSM_FixedItemHealth)" trait="visible"/></visible>
					</rect>
					<text name="RSM_RepairCostText">
						<id>12</id>
						<font>6</font>
						<y>190</y>
						<visible><copy src="sibling(RSM_FixedItemHealth)" trait="visible"/></visible>
					</text>
				</rect>
				<rect name="RSM_ButtonRect">
					<x>930</x>
					<y>65</y>
					<height>120</height>
					<locus>&true;</locus>
					<image name="RSM_RepairButton">
						<id>13</id>
					<include src="darn\text_box.xml"/>
						<_horbuf>20</_horbuf>
						<_verbuf>10</_verbuf>
						<justify>&right;</justify>
						<string>&-sRepairItem;</string>
						<_line_alpha>
							<copy>128</copy>
							<add>
								<copy>127</copy>
								<onlyif src="me()" trait="target"/>
							</add>
						</_line_alpha>
						<visible>&xbox;</visible>
						<_xbox_button>&xbuttona;</_xbox_button>
					</image>
					<image name="RSM_RepairAllButton">
						<id>14</id>
					<include src="darn\text_box.xml"/>
						<_y>
							<copy>42</copy>
							<onlyif>&xbox;</onlyif>
						</_y>
						<_horbuf>20</_horbuf>
						<_verbuf>10</_verbuf>
						<justify>&right;</justify>
						<_line_alpha>
							<copy>128</copy>
							<add>
								<copy>127</copy>
								<onlyif src="me()" trait="target"/>
							</add>
						</_line_alpha>
						<string>&-sRepairAllItems;</string>
						<_xbox_button>&xbuttonx;</_xbox_button>
						<_PCButtonText>&-sPCMenuHintA;</_PCButtonText>
					</image>
					<image name="RSM_DoneButton">
						<id>15</id>
					<include src="darn\text_box.xml"/>
						<_y>
							<copy>42</copy>
							<add>
								<copy>42</copy>
								<onlyif>&xbox;</onlyif>
							</add>
						</_y>
						<_horbuf>20</_horbuf>
						<_verbuf>10</_verbuf>
						<justify>&right;</justify>
						<string>&-sDone;</string>
						<_xbox_button>&xbuttonb;</_xbox_button>
						<_PCButtonText>&-sPCMenuHintE;</_PCButtonText>
					</image>
				</rect>
				<rect name="RSM_BottomBracket">
					<include src="bottom_bracket.xml"/>
					<width>970</width>
					<height>40</height>
					<y>680</y>
				</rect>
			</rect>
		</rect>
		<template name="RSM_RepairListTemplate">
			<hotrect name="RSM_RepairListTemplateRect">
				<include src="list_box_template.xml"/>
				<_Value></_Value>
				<_RepairCost></_RepairCost>
				<_CanRepair>&true;</_CanRepair>
				<clicksound>&nosound;</clicksound>
				<_VerticalSpacing>9</_VerticalSpacing>
				<x>32</x>
				<width>490</width>
				<target>&true;</target>
				<visible>&true;</visible>
				<text name="ListItemText">
					<font>1</font>
					<wrapwidth>310</wrapwidth>
					<string><copy src="parent()" trait="string"/></string>
					<x>40</x>
					<y>
						<copy src="parent()" trait="height" />
						<sub src="me()" trait="height" />
						<div>2</div>
					</y>
				</text>
				<image name="RSM_Template_MeterBackground">
					<filename>solid.dds</filename>
					<texatlas>Interface\InterfaceShared.tai</texatlas>
					<x>420</x>
					<y>
						<copy src="parent()" trait="height" />
						<sub src="me()" trait="height" />
						<div>2</div>
					</y>
					<width>60</width>
					<height>16</height>
					<alpha>64</alpha>
					<clips>&true;</clips>
					<depth>1</depth>
					<target>&false;</target>
				</image>
				<image name="RSM_Template_Meter">
					<id>18</id>
					<filename>solid.dds</filename>
					<texatlas>Interface\InterfaceShared.tai</texatlas>
					<x>420</x>
					<y>
						<copy src="parent()" trait="height" />
						<sub src="me()" trait="height" />
						<div>2</div>
					</y>
					<width>0</width>
					<height>16</height>
					<clips>&true;</clips>
					<depth>2</depth>
					<target>&false;</target>
				</image>
				<image name="RSM_Template_ItemMarker">
					<filename>Interface\Shared\Marker\square_filled.dds</filename>
					<texatlas>Interface\InterfaceShared.tai</texatlas>
					<width>14</width>
					<height>14</height>
					<zoom>67</zoom>
					<x>15</x>
					<y>
						<copy src="parent()" trait="height" />
						<sub src="me()" trait="height" />
						<div>2</div>
					</y>
					<visible>&false;</visible>
					<target>&false;</target>
					<alpha><copy src="sibling(ListItemText)" trait="alpha"/></alpha>
				</image>
			</hotrect>
		</template>
	</menu>
	