<menu name="InventoryMenu">
	<_DUIF3> 1 </_DUIF3>
	<class>&InventoryMenu;</class>
	<id>&pipboymenu;</id>
	<_KeyringOpen>&false;</_KeyringOpen>
	<_EquippableItem>&false;</_EquippableItem>
	<systemcolor>&pipboy;</systemcolor>
	<_PCButton_R>IM_RepairButton</_PCButton_R>
	<_PCButton_E>IM_CancelButton</_PCButton_E>
	<_PCButton_X>IM_ModButton</_PCButton_X>
	<xbuttonx><ref src="IM_DropButton" trait="clicked" /></xbuttonx>
	<xbuttony><ref src="IM_RepairButton" trait="clicked" /></xbuttony>
	<_itemHeight>
		<copy src="child(sizer)" trait="height" />
		<add>7</add>
	</_itemHeight>
	<_itemCount>
		<copy>500</copy>
		<div src="me()" trait="_itemHeight" />
		<floor>0</floor>
	</_itemCount>
	<_listHeight>
		<copy src="me()" trait="_itemCount" />
		<mul src="me()" trait="_itemHeight" />
	</_listHeight>
	<text name="sizer">
		<font><copy src="globals()" trait="_pb_ListFont" /></font>
		<string>ABCDEFGHIJKLMNOPQRSTUVWXYZ1234567890</string>
		<visible>&false;</visible>
	</text>
	<rect name="NOGLOW_BRANCH">
		<id>&noglow_branch;</id>
	</rect>
	<rect name="GLOW_BRANCH">
		<id>&glow_branch;</id>
		<image name="IM_Background">
			<filename>Interface\Shared\Background\pipboy.dds</filename>
			<width>
				<copy src="globals()" trait="_pipboy_width" />
			</width>
			<height>
				<copy src="globals()" trait="_pipboy_height" />
			</height>
			<zoom>&scale;</zoom>
			<depth>1</depth>
			<brightness>90</brightness>
		</image>
		<rect name="IM_MainRect">
			<x>50</x>
			<y>50</y>
			<width>855</width>
			<height>650</height>
			<depth>2</depth>
			<locus>&true;</locus>
			<rect name="IM_HeadlineRect">
				<width>855</width>
				<height>50</height>
				<image name="IM_Headline_v1">
					<include src="vertical_fade_line.xml" />
				</image>
				<image name="IM_Headline_h1">
					<include src="line.xml" />
					<_length>50</_length>
				</image>
				<text name="IM_Headline_Title">
					<font><copy src="globals()" trait="_gl_HeaderFont" /></font>
					<y><copy src="globals()" trait="_pb_HeaderVOffset" /></y>
					<x>70</x>
					<string>&-sInventoryItems;</string>
				</text>
				<image name="IM_Headline_h2">
					<include src="line.xml" />
					<x>
						<copy>90</copy>
						<add src="sibling(IM_Headline_Title)" trait="width" />
					</x>
					<_length>
						<copy>215</copy>
						<sub src="me()" trait="x" />
						<max>0</max>
					</_length>
				</image>
				<rect name="IM_Headline_PlayerWGInfo">
					<include src="card_info.xml" />
					<id>3</id>
					<x>155</x>
					<width>155</width>
					<_Title>&-sInventoryWeight;</_Title>
				</rect>
				<rect name="IM_Headline_PlayerHPInfo">
					<include src="card_info.xml" />
					<id>1</id>
					<x>320</x>
					<width>145</width>
					<_Title>&-sHitPointsShort;</_Title>
				</rect>
				<rect name="IM_Headline_PlayerDRInfo">
					<include src="card_info.xml" />
					<id>2</id>
					<x>475</x>
					<width>85</width>
					<_Title>&-sInventoryDamageResistance;</_Title>
				</rect>
				<rect name="IM_Headline_PlayerDTInfo">
					<include src="card_info.xml"/>
					<id>21</id>
					<x>575</x>
					<width>96</width>
					<_Title>&-sInventoryDamageThreshold;</_Title>
				</rect>
				<rect name="IM_Headline_PlayerCapsInfo">
					<include src="card_info.xml" />
					<id>0</id>
					<x>680</x>
					<width>180</width>
					<_Title>&-sInventoryCaps;</_Title>
				</rect>
			</rect>
			<hotrect name="IM_InventoryList">
				<include src="list_box.xml" />
				<id>4</id>
				<x>-15</x>
				<y>65</y>
				<width>400</width>
				<height><copy src="io()" trait="_listHeight" /></height>
				<image name="IM_EquipItemMarker">
					<filename>interface\shared\marker\square.dds</filename>
					<width>14</width>
					<height>14</height>
					<x>40</x>
					<y>
						<copy src="sibling(lb_highlight_box)" trait="y" />
						<add>
							<copy src="sibling(lb_highlight_box)" trait="height" />
							<sub src="me()" trait="height" />
							<div>2</div>
						</add>
					</y>
					<zoom>67</zoom>
					<visible>
						<copy src="io()" trait="_EquippableItem" />
					</visible>
					<clips>&true;</clips>
				</image>
			</hotrect>
			<rect name="IM_HotKeyWheel">
				<id>5</id>
				<include src="HotKeys.xml" />
				<visible>&false;</visible>
				<x>380</x>
				<y>52</y>
				<width>290</width>
				<height>250</height>
				<text name="IM_HotKeyText">
					<justify>&center;</justify>
					<font>2</font>
					<x>150</x>
					<y>262</y>
					<string><copy src="parent()" trait="_SelectedText" /></string>
				</text>
				<image name="IM_CompassRose">
					<filename>Interface\HotKeys\hot_keys_rose.dds</filename>
					<zoom>&scale;</zoom>
					<width>150</width>
					<height>150</height>
					<x>100</x>
					<y>80</y>
				</image>
				<image name="IM_HotkeyIcon">
					<filename></filename>
					<zoom>&scale;</zoom>
					<width>50</width>
					<height>50</height>
					<x>120.5</x>
					<y>102</y>
				</image>
			</rect>
			<rect name="IM_ButtonRect">
				<x>815</x>
				<y>45</y>
				<locus>&true;</locus>
				<visible><not src="IM_HotKeyWheel" trait="visible" /></visible>
				<image name="IM_EquipButton">
					<id>6</id>
				<include src="darn\text_box.xml" />
					<_line_alpha>
						<copy>128</copy>
						<add>
							<copy>127</copy>
							<onlyif src="me()" trait="target" />
						</add>
					</_line_alpha>
					<target>&false;</target>
					<_horbuf>20</_horbuf>
					<_verbuf>15</_verbuf>
					<justify>&right;</justify>
					<string>&-sInventoryEquip;</string>
					<_xbox_button>&xbuttona;</_xbox_button>
					<visible>
						<copy src="globals()" trait="_Has360Controller"/>
						<and><not src="io()" trait="_KeyringOpen" /></and>
					</visible>
				</image>
				<image name="IM_DropButton">
					<id>7</id>
				<include src="darn\text_box.xml" />
					<_y>47</_y>
					<_horbuf>20</_horbuf>
					<_verbuf>15</_verbuf>
					<justify>&right;</justify>
					<string>&-sInventoryDrop;</string>
					<_line_alpha>
						<copy>128</copy>
						<add>
							<copy>127</copy>
							<onlyif src="me()" trait="target" />
						</add>
					</_line_alpha>
					<target>&false;</target>
					<_xbox_button>&xbuttonx;</_xbox_button>
					<visible><copy src="sibling(IM_EquipButton)" trait="visible" /></visible>
				</image>
				<image name="IM_RepairButton">
					<id>8</id>
				<include src="darn\text_box.xml" />
					<_y>
						<copy>0</copy>
						<add>
							<copy>94</copy>
							<onlyif src="globals()" trait="_Has360Controller"/>
						</add>
					</_y>
					<_horbuf>20</_horbuf>
					<_verbuf>15</_verbuf>
					<justify>&right;</justify>
					<string>&-sInventoryRepair;</string>
					<_line_alpha>
						<copy>128</copy>
						<add>
							<copy>127</copy>
							<onlyif src="me()" trait="target" />
						</add>
					</_line_alpha>
					<target>&false;</target>
					<_xbox_button>&xbuttony;</_xbox_button>
					<_PCButtonText>&-sPCMenuHintR;</_PCButtonText>
					<visible><not src="io()" trait="_KeyringOpen" /></visible>
				</image>
				<image name="IM_HotkeyButton">
					<id>9</id>
				<include src="darn\text_box.xml" />
					<_y>141</_y>
					<_horbuf>20</_horbuf>
					<_verbuf>15</_verbuf>
					<justify>&right;</justify>
					<string>&-sInventoryHotKey;</string>
					<_xbox_button>&xbuttonrb;</_xbox_button>
					<visible><copy src="sibling(IM_EquipButton)" trait="visible" /></visible>
				</image>
				<image name="IM_ModButton">
					<id>19</id>
				<include src="darn\text_box.xml"/>
					<_y>
						<copy>47</copy>
						<add>
							<copy>141</copy>
							<onlyif src="globals()" trait="_Has360Controller" />
						</add>
					</_y>
					<_horbuf>20</_horbuf>
					<_verbuf>15</_verbuf>
					<justify>&right;</justify>
					<string>&-sInventoryMod;</string>
					<_xbox_button>&xbuttonlb;</_xbox_button>
					<_PCButtonText>&-sPCMenuHintX;</_PCButtonText>
					<visible><copy src="sibling(IM_RepairButton)" trait="visible" /></visible>
				</image>
				<image name="IM_CancelButton">
					<id>10</id>
				<include src="darn\text_box.xml" />
					<_horbuf>20</_horbuf>
					<_verbuf>15</_verbuf>
					<justify>&right;</justify>
					<string>&-sCancel;</string>
					<_xbox_button>&xbuttonb;</_xbox_button>
					<_PCButtonText>&-sPCMenuHintE;</_PCButtonText>
					<visible><copy src="io()" trait="_KeyringOpen" /></visible>
				</image>
			</rect>
			<image name="IM_ItemIcon">
				<id>11</id>
				<x>450</x>
				<y>10</y>
				<width>380</width>
				<height>380</height>
				<visible>&false;</visible>
				<zoom>&scale;</zoom>
				<cropx>20</cropx>
			</image>
			<image name="IM_ItemIconBadge">
				<id>20</id>
				<x>400</x>
				<y>280</y>
				<width>48</width>
				<height>48</height>
				<visible>&false;</visible>
				<zoom>&scale;</zoom>
			</image>
			<text name="IM_StrReq">
				<id>22</id>
				<x>
					<copy src="sibling(IM_ItemIconBadge)" trait="x" />
					<add src="sibling(IM_ItemIconBadge)" trait="width" />
				</x>
				<y>
					<copy src="sibling(IM_ItemIconBadge)" trait="y" />
					<add src="sibling(IM_ItemIconBadge)" trait="height" />
					<sub src="me()" trait="height" />
				</y>
				<font>6</font>
				<justify>&left;</justify>
				<string></string>
				<visibility><copy src="sibling(IM_ItemIconBadge)" trait="visible"/></visibility>
			</text>
			<rect name="IM_ItemInfoRect">
				<include src="item_stats_display.xml" />
				<id>12</id>
				<x>389</x>
				<y>390</y>
				<width>446</width>
				<height>120</height>
				<visible><not src="sibling(IM_HotKeyWheel)" trait="visible" /></visible>
			</rect>
		</rect>
		<rect name="IM_Tabline">
			<include src="tabline.xml" />
			<id>13</id>
			<x>50</x>
			<y>650</y>
			<width>855</width>
			<depth>2</depth>
		</rect>
	</rect>
	<template name="IM_InventoryListTemplate">
		<hotrect name="IM_InventoryListTemplateRect">
			<_neighbourheight><copy src="sibling()" trait="height" /></_neighbourheight>
			<include src="list_box_template.xml" />
			<mouseoversound>&nosound;</mouseoversound>
			<clicksound>&nosound;</clicksound>
			<x>32</x>
			<width>393</width>
			<target>&true;</target>
			<visible>&true;</visible>
			<_VerticalSpacing>7</_VerticalSpacing>
			<text name="ListItemText">
				<font><copy src="globals()" trait="_pb_ListFont" /></font>
				<string><copy src="parent()" trait="string" /></string>
				<wrapwidth>310</wrapwidth>
				<x>27</x>
				<y>
					<copy src="parent()" trait="height" />
					<sub src="me()" trait="height" />
					<div>2</div>
				</y>
			</text>
			<text name="lidbg">
				<font><copy src="globals()" trait="_pb_ListFont" /></font>
				<string><copy src="parent()" trait="height" /></string>
				<wrapwidth>310</wrapwidth>
				<systemcolor>&nosystemcolor;</systemcolor>
				<brightness>255</brightness>
				<x>
					<copy src="sibling(ListItemText)" trait="x" />
					<add src="sibling(ListItemText)" trait="width" />
					<add>10</add>
				</x>
				<y>
					<copy src="parent()" trait="height" />
					<sub src="me()" trait="height" />
					<div>2</div>
				</y>
				<visible>&false;</visible>
			</text>
			<image name="IM_Template_ItemMarker">
				<filename>interface\shared\marker\square_filled.dds</filename>
				<width>14</width>
				<height>14</height>
				<x>8</x>
				<y>
					<copy src="parent()" trait="height" />
					<sub src="me()" trait="height" />
					<div>2</div>
				</y>
				<visible>&false;</visible>
			</image>
		</hotrect>
	</template>
	<template name="TabButtonTemplate">
		<hotrect name="TabButton">
			<include src="tabline_template.xml" />
		</hotrect>
	</template>
</menu>
