<!-- 
// ZENIMAX MEDIA PROPRIETARY INFORMATION
//
// This software is developed and/or supplied under the terms of a license
// or non-disclosure agreement with ZeniMax Media Inc. and may not be copied
// or disclosed except in accordance with the terms of that agreement.
//
//   Copyright (c) 1999 ZeniMax Media Incorporated.
//   All Rights Reserved.
//
// ZeniMax Media Incorporated, Rockville, Maryland 20850
// http://www.zenimax.com
//
// FILE			tabline.xml
// VERSION		1.0
// AUTHOR:		Ricardo Gonzalez
// DATE			December 4, 2006
// INFO			A standard menu tabline
-->
<!-- rect name="tabline"-->
<locus> &true; </locus>
<width> 100 </width>
<height> 60 </height>
<alpha> 255 </alpha>

<!-- Set in code -->
<_ButtonCount></_ButtonCount>			<!-- Total # tab buttons-->
<_CurrentTab></_CurrentTab>			<!-- The currently selected tab button -->
<_LeftLineLength></_LeftLineLength>		<!-- The length of the in-between border lines -->

<_enabled> &true; </_enabled>

<!-- The bordering brackets-->
<image name="LeftVert">
	<include src="vertical_fade_line.xml"/>

	<_bottom_to_top> &true; </_bottom_to_top>
	<height> <copy src="parent()" trait="height"/> </height>
	<alpha> <copy src="parent()" trait="alpha"/> </alpha>
</image>

<image name="RightVert">
	<include src="vertical_fade_line.xml"/>

	<_bottom_to_top> &true; </_bottom_to_top>

	<x>
		<copy src="parent()" trait="width"/>
		<sub src="me()" trait="width"/>
	</x>
	<height> <copy src="parent()" trait="height"/> </height>
	<alpha> <copy src="parent()" trait="alpha"/> </alpha>
</image>

<image name="RightHoriz">
	<include src="line.xml"/>

	<_length> <copy src="parent()" trait="_LeftLineLength"/> </_length>
	<alpha> <copy src="parent()" trait="alpha"/> </alpha>

	<x>
		<copy src="parent()" trait="width"/>
		<sub src="me()" trait="_length"/>
	</x>
</image>

<!-- Tabs are added via code using tabline_template.xml -->


